{
  "accuracy": 77.67123287671232,
  "f1_score": 0.7774049639701843,
  "class_names": [
    "Positive",
    "Neutral",
    "Negative"
  ],
  "confusion_matrix": [
    [
      209.0,
      35.0,
      6.0
    ],
    [
      20.0,
      195.0,
      40.0
    ],
    [
      10.0,
      52.0,
      163.0
    ]
  ],
  "precision": [
    0.874476969242096,
    0.6914893388748169,
    0.779904305934906
  ],
  "recall": [
    0.8360000252723694,
    0.7647058963775635,
    0.7244444489479065
  ],
  "f1": [
    0.8548057079315186,
    0.7262570261955261,
    0.7511520385742188
  ]
}